{
  "generatedAt": "2026-06-05T00:59:37.444Z",
  "node": "v22.14.0",
  "iterations": 1000,
  "warmup": 200,
  "results": {
    "encodeFeatures": {
      "meanUs": 0.7945510000000695,
      "p99Us": 1.4580000000066207
    },
    "serializeMessage": {
      "meanUs": 0.4721670000001055,
      "p99Us": 1.5000000000000568
    },
    "aggregate10Agents": {
      "meanUs": 5.080621999999989,
      "p99Us": 13.416999999996904
    },
    "scoreWeighted": {
      "meanUs": 1.950531000000062,
      "p99Us": 2.3749999999935767
    },
    "fullPipelineNoLlm": {
      "meanUs": 4.829676000000088,
      "p99Us": 19.209000000003584
    }
  }
}
